-- Migration générée automatiquement depuis accounting_2025-10-21.db
-- Date: 2025-10-21T13:01:50.440Z

-- Désactiver temporairement les contraintes de clés étrangères
SET session_replication_role = replica;

-- Table profiles: 2 enregistrements
INSERT INTO profiles (id, username, full_name, role, created_at, password) VALUES ('admin-001', 'admin', 'Administrateur', 'admin', '2025-10-19 15:01:34', 'admin123');
INSERT INTO profiles (id, username, full_name, role, created_at, password) VALUES ('22c5f559-a005-4ef9-940c-869d50c2b5fb', 'khalidfathi', 'KHALIDFATHI', 'professor', '2025-10-19 15:03:24', 'khalidfathi');

-- Table segments: 2 enregistrements
INSERT INTO segments (id, name, color, created_at) VALUES ('b3b3893f-641f-472a-9f80-7956a02c574e', 'Diray', '#13ae66', '2025-10-19 15:17:37');
INSERT INTO segments (id, name, color, created_at) VALUES ('e9ad8bf2-88dd-47cd-9c68-98bb3a45aaa0', 'Prolean', '#e09410', '2025-10-19 15:18:04');

-- Table cities: 49 enregistrements
INSERT INTO cities (id, name, segment_id, created_at) VALUES ('6c73e4ab-b42c-4833-afd4-aafc880a3a20', 'Berkane', 'e9ad8bf2-88dd-47cd-9c68-98bb3a45aaa0', '2025-10-19 15:22:16');
INSERT INTO cities (id, name, segment_id, created_at) VALUES ('2643cf46-85b3-4ad7-9c8c-c400badd63e0', 'Errachidia', 'e9ad8bf2-88dd-47cd-9c68-98bb3a45aaa0', '2025-10-19 15:22:16');
INSERT INTO cities (id, name, segment_id, created_at) VALUES ('74c2aa27-aa5b-4be0-b2bd-9be040df1839', 'El jadida', 'e9ad8bf2-88dd-47cd-9c68-98bb3a45aaa0', '2025-10-19 15:22:16');
INSERT INTO cities (id, name, segment_id, created_at) VALUES ('a4d8c7f4-3be2-435a-a627-90c840c7f913', 'Berrechid', 'e9ad8bf2-88dd-47cd-9c68-98bb3a45aaa0', '2025-10-19 15:22:16');
INSERT INTO cities (id, name, segment_id, created_at) VALUES ('8ed4d5c8-75af-4da8-8c93-87d3b1551229', 'Khenifra', 'e9ad8bf2-88dd-47cd-9c68-98bb3a45aaa0', '2025-10-19 15:22:16');
INSERT INTO cities (id, name, segment_id, created_at) VALUES ('657b4a95-f8cc-4879-a552-a0c667c4cdf5', 'Tanger', 'e9ad8bf2-88dd-47cd-9c68-98bb3a45aaa0', '2025-10-19 15:22:16');
INSERT INTO cities (id, name, segment_id, created_at) VALUES ('12e0f69e-ae6c-4161-bb4f-6cb82534f264', 'Casablanca', 'e9ad8bf2-88dd-47cd-9c68-98bb3a45aaa0', '2025-10-19 15:22:16');
INSERT INTO cities (id, name, segment_id, created_at) VALUES ('7c0f4c39-82eb-45d3-8392-7dfb8af37515', 'OUARZAZATE', 'e9ad8bf2-88dd-47cd-9c68-98bb3a45aaa0', '2025-10-19 15:22:16');
INSERT INTO cities (id, name, segment_id, created_at) VALUES ('deed4f0f-6bc6-4005-a35e-7a13dd54c0b5', 'Beni Mellal', 'e9ad8bf2-88dd-47cd-9c68-98bb3a45aaa0', '2025-10-19 15:22:16');
INSERT INTO cities (id, name, segment_id, created_at) VALUES ('c88695a3-620a-4fa7-8597-8cd19c8376bf', 'Nador', 'e9ad8bf2-88dd-47cd-9c68-98bb3a45aaa0', '2025-10-19 15:22:16');
INSERT INTO cities (id, name, segment_id, created_at) VALUES ('8d649ba7-a21a-493e-8819-f304a1e3cca0', 'IMZOUREN', 'e9ad8bf2-88dd-47cd-9c68-98bb3a45aaa0', '2025-10-19 15:22:16');
INSERT INTO cities (id, name, segment_id, created_at) VALUES ('1eff25f1-da4d-43ef-ace6-ddc911e4f669', 'Tetouan', 'e9ad8bf2-88dd-47cd-9c68-98bb3a45aaa0', '2025-10-19 15:22:16');
INSERT INTO cities (id, name, segment_id, created_at) VALUES ('0cd77f84-4004-493f-adc2-82fefc6ced8e', 'Sidi Slimane', 'e9ad8bf2-88dd-47cd-9c68-98bb3a45aaa0', '2025-10-19 15:22:16');
INSERT INTO cities (id, name, segment_id, created_at) VALUES ('11f17ee0-da76-4b35-a30e-a4d274c9a02e', 'Oujda', 'e9ad8bf2-88dd-47cd-9c68-98bb3a45aaa0', '2025-10-19 15:22:16');
INSERT INTO cities (id, name, segment_id, created_at) VALUES ('8c348ada-dd52-4581-9cf2-1eef6cf659c0', 'Temara', 'e9ad8bf2-88dd-47cd-9c68-98bb3a45aaa0', '2025-10-19 15:22:16');
INSERT INTO cities (id, name, segment_id, created_at) VALUES ('4865fda2-9902-48ce-8f7f-f2d7658a1b66', 'Mohammedia', 'e9ad8bf2-88dd-47cd-9c68-98bb3a45aaa0', '2025-10-19 15:22:16');
INSERT INTO cities (id, name, segment_id, created_at) VALUES ('c8f4247c-0b83-435b-8200-e06b2c505198', 'Fes', 'e9ad8bf2-88dd-47cd-9c68-98bb3a45aaa0', '2025-10-19 15:22:16');
INSERT INTO cities (id, name, segment_id, created_at) VALUES ('5e97fc12-a072-4ef4-905c-ef9228380afd', 'Agadir', 'e9ad8bf2-88dd-47cd-9c68-98bb3a45aaa0', '2025-10-19 15:22:16');
INSERT INTO cities (id, name, segment_id, created_at) VALUES ('5b938e23-01b7-4ff7-ba14-191b21a89849', 'Khouribga', 'e9ad8bf2-88dd-47cd-9c68-98bb3a45aaa0', '2025-10-19 15:22:16');
INSERT INTO cities (id, name, segment_id, created_at) VALUES ('43a4ba95-62dd-4ddc-beb3-b0694a630ab0', 'Laayoune', 'e9ad8bf2-88dd-47cd-9c68-98bb3a45aaa0', '2025-10-19 15:22:16');
INSERT INTO cities (id, name, segment_id, created_at) VALUES ('292cd36e-b925-4bad-a3c2-9e095d6b2db1', 'Taza', 'e9ad8bf2-88dd-47cd-9c68-98bb3a45aaa0', '2025-10-19 15:22:17');
INSERT INTO cities (id, name, segment_id, created_at) VALUES ('a1648f6f-63fd-438e-be35-36942afe0bd4', 'Meknes', 'e9ad8bf2-88dd-47cd-9c68-98bb3a45aaa0', '2025-10-19 15:22:17');
INSERT INTO cities (id, name, segment_id, created_at) VALUES ('535e9cfc-044f-4d4f-886d-19ac0902df17', 'KENITRA', 'e9ad8bf2-88dd-47cd-9c68-98bb3a45aaa0', '2025-10-19 15:22:17');
INSERT INTO cities (id, name, segment_id, created_at) VALUES ('9c305b42-abca-43e6-a91c-f70b7f2d3d08', 'Khemisset', 'e9ad8bf2-88dd-47cd-9c68-98bb3a45aaa0', '2025-10-19 15:22:17');
INSERT INTO cities (id, name, segment_id, created_at) VALUES ('4b8bec30-c660-46fe-aaf6-5758eae7e84f', 'GUERCIF', 'e9ad8bf2-88dd-47cd-9c68-98bb3a45aaa0', '2025-10-19 15:22:17');
INSERT INTO cities (id, name, segment_id, created_at) VALUES ('8aad0f87-1c71-4065-b63e-3c43cb578101', 'SALE', 'e9ad8bf2-88dd-47cd-9c68-98bb3a45aaa0', '2025-10-19 15:22:17');
INSERT INTO cities (id, name, segment_id, created_at) VALUES ('da8960f9-e62f-4331-be12-a09f0387f781', 'Marrakech', 'e9ad8bf2-88dd-47cd-9c68-98bb3a45aaa0', '2025-10-19 15:22:17');
INSERT INTO cities (id, name, segment_id, created_at) VALUES ('f1b9ea9d-1ad8-4e28-b2a7-3f13ecd614b1', 'Dakhla', 'e9ad8bf2-88dd-47cd-9c68-98bb3a45aaa0', '2025-10-19 15:22:17');
INSERT INTO cities (id, name, segment_id, created_at) VALUES ('fe8ebaf6-528a-4628-aa13-dc9afa829f5e', 'Khemisset', 'b3b3893f-641f-472a-9f80-7956a02c574e', '2025-10-19 15:22:28');
INSERT INTO cities (id, name, segment_id, created_at) VALUES ('b351a85d-6425-4df0-8bf6-23d1dc1882ea', 'Tetouan', 'b3b3893f-641f-472a-9f80-7956a02c574e', '2025-10-19 15:22:28');
INSERT INTO cities (id, name, segment_id, created_at) VALUES ('2f7fc780-ce22-407c-a29b-58b0b6b1084c', 'Nador', 'b3b3893f-641f-472a-9f80-7956a02c574e', '2025-10-19 15:22:28');
INSERT INTO cities (id, name, segment_id, created_at) VALUES ('47e5af7b-c25d-460f-be96-a14f9c9204df', 'Marrakech', 'b3b3893f-641f-472a-9f80-7956a02c574e', '2025-10-19 15:22:28');
INSERT INTO cities (id, name, segment_id, created_at) VALUES ('90f31693-aadf-42c2-9900-b04698322efb', 'KENITRA', 'b3b3893f-641f-472a-9f80-7956a02c574e', '2025-10-19 15:22:28');
INSERT INTO cities (id, name, segment_id, created_at) VALUES ('b03fec54-9af2-4588-8d48-1e1a541a3286', 'Casablanca', 'b3b3893f-641f-472a-9f80-7956a02c574e', '2025-10-19 15:22:28');
INSERT INTO cities (id, name, segment_id, created_at) VALUES ('a69dfae4-db50-42fc-b2eb-3fa3914be8fa', 'Fes', 'b3b3893f-641f-472a-9f80-7956a02c574e', '2025-10-19 15:22:28');
INSERT INTO cities (id, name, segment_id, created_at) VALUES ('77bc2992-d48f-4a61-b9dc-bbb8f293fcb9', 'IMZOUREN', 'b3b3893f-641f-472a-9f80-7956a02c574e', '2025-10-19 15:22:28');
INSERT INTO cities (id, name, segment_id, created_at) VALUES ('539d0015-5b5c-4db4-b299-f88036f49d5f', 'SALE', 'b3b3893f-641f-472a-9f80-7956a02c574e', '2025-10-19 15:22:28');
INSERT INTO cities (id, name, segment_id, created_at) VALUES ('96cbe522-2d96-440d-801a-46b939d43a78', 'Agadir', 'b3b3893f-641f-472a-9f80-7956a02c574e', '2025-10-19 15:22:28');
INSERT INTO cities (id, name, segment_id, created_at) VALUES ('0c7b8a55-5a4f-442f-bdf4-5f29820d6a7d', 'Mohammedia', 'b3b3893f-641f-472a-9f80-7956a02c574e', '2025-10-19 15:22:28');
INSERT INTO cities (id, name, segment_id, created_at) VALUES ('8dc24130-fae8-4fb1-8168-169338e4b8d5', 'Tanger', 'b3b3893f-641f-472a-9f80-7956a02c574e', '2025-10-19 15:22:28');
INSERT INTO cities (id, name, segment_id, created_at) VALUES ('d678acfe-7076-45f8-b2ff-2b5ff6e402f6', 'Temara', 'b3b3893f-641f-472a-9f80-7956a02c574e', '2025-10-19 15:22:28');
INSERT INTO cities (id, name, segment_id, created_at) VALUES ('57c84a32-0b57-4527-b96b-5c95ce22c4fd', 'OUED ZEM', 'b3b3893f-641f-472a-9f80-7956a02c574e', '2025-10-19 15:22:28');
INSERT INTO cities (id, name, segment_id, created_at) VALUES ('eb3373c2-1a84-4acf-b9f2-0a0f4dcb47b3', 'Oujda', 'b3b3893f-641f-472a-9f80-7956a02c574e', '2025-10-19 15:22:28');
INSERT INTO cities (id, name, segment_id, created_at) VALUES ('44679ccb-7461-4615-ae7e-ccd61dbb47b6', 'OUAZZANE', 'b3b3893f-641f-472a-9f80-7956a02c574e', '2025-10-19 15:22:28');
INSERT INTO cities (id, name, segment_id, created_at) VALUES ('c5695c37-6e23-49f5-8372-e20f1599c44d', 'Meknes', 'b3b3893f-641f-472a-9f80-7956a02c574e', '2025-10-19 15:22:28');
INSERT INTO cities (id, name, segment_id, created_at) VALUES ('14a9c6ea-f94a-48f7-a2e9-2300d1eb3fc5', 'Taza', 'b3b3893f-641f-472a-9f80-7956a02c574e', '2025-10-19 15:22:28');
INSERT INTO cities (id, name, segment_id, created_at) VALUES ('74ab2a0d-6912-458d-981f-172c41ee5907', 'OUARZAZATE', 'b3b3893f-641f-472a-9f80-7956a02c574e', '2025-10-19 15:22:28');
INSERT INTO cities (id, name, segment_id, created_at) VALUES ('c6088d71-c0ad-41a7-a047-582075d29414', 'EL JADIDA', 'b3b3893f-641f-472a-9f80-7956a02c574e', '2025-10-19 15:22:28');
INSERT INTO cities (id, name, segment_id, created_at) VALUES ('796b1ae4-be22-4cc2-902e-8e7b0e72bc13', 'Rabat', 'b3b3893f-641f-472a-9f80-7956a02c574e', '2025-10-19 15:22:28');

-- Table professor_segments: 4 enregistrements
INSERT INTO professor_segments (professor_id, segment_id) VALUES ('22c5f559-a005-4ef9-940c-869d50c2b5fb', 'a7c53881-0cf5-4ec6-8f14-e7fa7deb6dc9');
INSERT INTO professor_segments (professor_id, segment_id) VALUES ('22c5f559-a005-4ef9-940c-869d50c2b5fb', '6cf9c8d9-b083-4208-b64b-318b07d63061');
INSERT INTO professor_segments (professor_id, segment_id) VALUES ('22c5f559-a005-4ef9-940c-869d50c2b5fb', 'b3b3893f-641f-472a-9f80-7956a02c574e');
INSERT INTO professor_segments (professor_id, segment_id) VALUES ('22c5f559-a005-4ef9-940c-869d50c2b5fb', 'e9ad8bf2-88dd-47cd-9c68-98bb3a45aaa0');

-- Table professor_cities: 2 enregistrements
INSERT INTO professor_cities (professor_id, city_id) VALUES ('22c5f559-a005-4ef9-940c-869d50c2b5fb', '5e97fc12-a072-4ef4-905c-ef9228380afd');
INSERT INTO professor_cities (professor_id, city_id) VALUES ('22c5f559-a005-4ef9-940c-869d50c2b5fb', '96cbe522-2d96-440d-801a-46b939d43a78');

-- Table calculation_sheets: 2 enregistrements
INSERT INTO calculation_sheets (id, title, template_data, status, sheet_date, created_at) VALUES ('sheet_1760959415645', 'Prolean Fiche de calcule', '{"name":"Prolean Fiche de calcule","fields":[{"id":"field_42","type":"frame","layout":{"x":20,"y":300,"w":1000,"h":700},"props":{"label":"Table des charges"},"children":[]},{"id":"field_6","type":"frame","layout":{"x":20,"y":120,"w":450,"h":160},"props":{"label":"Donné système"},"children":[]},{"id":"field_1","type":"label","layout":{"x":30,"y":160,"w":200,"h":40},"props":{"label":"Montant de la session"}},{"id":"field_2","type":"label","layout":{"x":30,"y":220,"w":200,"h":40},"props":{"label":"Nombre d élèves  "}},{"id":"field_3","type":"number","layout":{"x":240,"y":160,"w":200,"h":40},"ref":"A1","props":{"label":"Nombre","decimals":2,"default":0}},{"id":"field_4","type":"number","layout":{"x":240,"y":220,"w":200,"h":40},"ref":"A2","props":{"label":"Nombre","decimals":2,"default":0}},{"id":"field_9","type":"frame","layout":{"x":20,"y":0,"w":1000,"h":100},"props":{"label":"Cadre"},"children":[]},{"id":"field_7","type":"label","layout":{"x":60,"y":40,"w":200,"h":40},"props":{"label":"Lien de la session"}},{"id":"field_8","type":"text","layout":{"x":280,"y":40,"w":720,"h":40},"ref":"TEXT_8","props":{"label":"Texte"}},{"id":"field_10","type":"label","layout":{"x":40,"y":340,"w":290,"h":40},"props":{"label":"Type de charge"}},{"id":"field_11","type":"label","layout":{"x":360,"y":340,"w":200,"h":40},"props":{"label":"Prix (unitaire) "}},{"id":"field_12","type":"label","layout":{"x":580,"y":340,"w":200,"h":40},"props":{"label":"Quantité"}},{"id":"field_13","type":"label","layout":{"x":800,"y":340,"w":200,"h":40},"props":{"label":"Totale "}},{"id":"field_14","type":"label","layout":{"x":40,"y":460,"w":290,"h":40},"props":{"label":"CAF"}},{"id":"field_15","type":"label","layout":{"x":40,"y":400,"w":290,"h":40},"props":{"label":"Loyer centre"}},{"id":"field_16","type":"label","layout":{"x":40,"y":520,"w":290,"h":40},"props":{"label":"JCB"}},{"id":"field_17","type":"label","layout":{"x":40,"y":580,"w":290,"h":40},"props":{"label":"Manutou"}},{"id":"field_18","type":"label","layout":{"x":40,"y":640,"w":290,"h":40},"props":{"label":"Prime d assistante"}},{"id":"field_19","type":"label","layout":{"x":40,"y":700,"w":290,"h":40},"props":{"label":"Transport étudiant (sous dérogation )"}},{"id":"field_20","type":"label","layout":{"x":40,"y":760,"w":290,"h":40},"props":{"label":"Matériel (sous dérogation)"}},{"id":"field_21","type":"number","layout":{"x":360,"y":400,"w":200,"h":40},"ref":"A3","props":{"label":"Nombre","decimals":2,"default":0}},{"id":"field_22","type":"number","layout":{"x":360,"y":460,"w":200,"h":40},"ref":"A4","props":{"label":"Nombre","decimals":2,"default":0}},{"id":"field_23","type":"number","layout":{"x":360,"y":520,"w":200,"h":40},"ref":"A5","props":{"label":"Nombre","decimals":2,"default":0}},{"id":"field_24","type":"number","layout":{"x":360,"y":580,"w":200,"h":40},"ref":"A6","props":{"label":"Nombre","decimals":2,"default":0}},{"id":"field_25","type":"number","layout":{"x":360,"y":640,"w":200,"h":40},"ref":"A7","props":{"label":"Nombre","decimals":2,"default":0}},{"id":"field_26","type":"number","layout":{"x":360,"y":700,"w":200,"h":40},"ref":"A8","props":{"label":"Nombre","decimals":2,"default":0}},{"id":"field_27","type":"number","layout":{"x":360,"y":760,"w":200,"h":40},"ref":"A9","props":{"label":"Nombre","decimals":2,"default":0}},{"id":"field_28","type":"number","layout":{"x":580,"y":400,"w":200,"h":40},"ref":"B3","props":{"label":"Nombre","decimals":2,"default":0}},{"id":"field_29","type":"number","layout":{"x":580,"y":460,"w":200,"h":40},"ref":"B4","props":{"label":"Nombre","decimals":2,"default":0}},{"id":"field_30","type":"number","layout":{"x":580,"y":520,"w":200,"h":40},"ref":"B5","props":{"label":"Nombre","decimals":2,"default":0}},{"id":"field_31","type":"number","layout":{"x":580,"y":580,"w":200,"h":40},"ref":"B6","props":{"label":"Nombre","decimals":2,"default":0}},{"id":"field_32","type":"number","layout":{"x":580,"y":640,"w":200,"h":40},"ref":"B7","props":{"label":"Nombre","decimals":2,"default":0}},{"id":"field_33","type":"number","layout":{"x":580,"y":700,"w":200,"h":40},"ref":"B8","props":{"label":"Nombre","decimals":2,"default":0}},{"id":"field_99","type":"frame","layout":{"x":20,"y":1060,"w":900,"h":520},"props":{"label":"Charges administrative"},"children":[],"visibility":{"hidden":true}},{"id":"field_34","type":"number","layout":{"x":580,"y":760,"w":200,"h":40},"ref":"B9","props":{"label":"Nombre","decimals":2,"default":0}},{"id":"field_43","type":"label","layout":{"x":40,"y":820,"w":290,"h":40},"props":{"label":"Remise"}},{"id":"field_44","type":"label","layout":{"x":40,"y":880,"w":290,"h":40},"props":{"label":"Abondant"}},{"id":"field_45","type":"number","layout":{"x":360,"y":820,"w":200,"h":40},"ref":"A10","props":{"label":"Nombre","decimals":2,"default":0}},{"id":"field_46","type":"number","layout":{"x":360,"y":880,"w":200,"h":40},"ref":"A11","props":{"label":"Nombre","decimals":2,"default":0}},{"id":"field_47","type":"number","layout":{"x":580,"y":820,"w":200,"h":40},"ref":"B10","props":{"label":"Nombre","decimals":2,"default":0}},{"id":"field_65","type":"frame","layout":{"x":1060,"y":300,"w":600,"h":700},"props":{"label":"Commantaires"},"children":[]},{"id":"field_49","type":"number","layout":{"x":580,"y":880,"w":200,"h":40},"ref":"B11","props":{"label":"Nombre","decimals":2,"default":0}},{"id":"field_51","type":"formula","layout":{"x":800,"y":400,"w":200,"h":40},"ref":"C3","props":{"label":"Formule","expression":"A3*B3","decimals":2}},{"id":"field_52","type":"formula","layout":{"x":800,"y":460,"w":200,"h":40},"ref":"C4","props":{"label":"Formule","expression":"A4*B4","decimals":2}},{"id":"field_53","type":"formula","layout":{"x":800,"y":520,"w":200,"h":40},"ref":"C5","props":{"label":"Formule","expression":"A5*B5","decimals":2}},{"id":"field_54","type":"formula","layout":{"x":800,"y":580,"w":200,"h":40},"ref":"C6","props":{"label":"Formule","expression":"A6*B6","decimals":2}},{"id":"field_55","type":"formula","layout":{"x":800,"y":640,"w":200,"h":40},"ref":"C7","props":{"label":"Formule","expression":"A7*B7","decimals":2}},{"id":"field_56","type":"formula","layout":{"x":800,"y":700,"w":200,"h":40},"ref":"C8","props":{"label":"Formule","expression":"A8*B8","decimals":2}},{"id":"field_57","type":"formula","layout":{"x":800,"y":760,"w":200,"h":40},"ref":"C9","props":{"label":"Formule","expression":"A9*B9","decimals":2}},{"id":"field_58","type":"formula","layout":{"x":800,"y":820,"w":200,"h":40},"ref":"C10","props":{"label":"Formule","expression":"A10*B10","decimals":2}},{"id":"field_59","type":"formula","layout":{"x":800,"y":880,"w":200,"h":40},"ref":"C11","props":{"label":"Formule","expression":"A11*B11","decimals":2}},{"id":"field_60","type":"label","layout":{"x":580,"y":940,"w":200,"h":40},"props":{"label":"Totale des charges"}},{"id":"field_61","type":"formula","layout":{"x":800,"y":940,"w":200,"h":40},"ref":"C12","props":{"label":"Formule","expression":"C3+C4+C5+C6+C7+C8+C9+C10+C11","decimals":2}},{"id":"field_63","type":"frame","layout":{"x":540,"y":120,"w":480,"h":160},"props":{"label":"Cadre"},"children":[]},{"id":"field_62","type":"file","layout":{"x":550,"y":160,"w":190,"h":110},"ref":"FILE_62","props":{"label":"Pièce jointe","accept":".pdf,.jpg,.jpeg,.png","maxSize":5}},{"id":"field_66","type":"textarea","layout":{"x":1080,"y":340,"w":560,"h":650},"ref":"TEXTAREA_66","props":{"label":"Commentaires"}},{"id":"field_67","type":"label","layout":{"x":40,"y":1100,"w":200,"h":40},"props":{"label":"charge administrative"},"visibility":{"hidden":true}},{"id":"field_68","type":"label","layout":{"x":260,"y":1100,"w":200,"h":40},"props":{"label":"Prix unitaire"},"visibility":{"hidden":true}},{"id":"field_69","type":"label","layout":{"x":480,"y":1100,"w":200,"h":40},"props":{"label":"Quantité"},"visibility":{"hidden":true}},{"id":"field_70","type":"label","layout":{"x":700,"y":1100,"w":200,"h":40},"props":{"label":"Totale"},"visibility":{"hidden":true}},{"id":"field_71","type":"label","layout":{"x":40,"y":1160,"w":200,"h":40},"props":{"label":"Impression diplômes"},"visibility":{"hidden":true}},{"id":"field_72","type":"label","layout":{"x":40,"y":1220,"w":200,"h":40},"props":{"label":"Publicité"},"visibility":{"hidden":true}},{"id":"field_73","type":"label","layout":{"x":40,"y":1280,"w":200,"h":40},"props":{"label":"Prime d assistante"},"visibility":{"hidden":true}},{"id":"field_74","type":"label","layout":{"x":40,"y":1340,"w":200,"h":40},"props":{"label":"Animation page"},"visibility":{"hidden":true}},{"id":"field_75","type":"label","layout":{"x":40,"y":1400,"w":200,"h":40},"props":{"label":"centre locale"},"visibility":{"hidden":true}},{"id":"field_76","type":"label","layout":{"x":40,"y":1460,"w":200,"h":40},"props":{"label":"centre locale"},"visibility":{"hidden":true}},{"id":"field_77","type":"number","layout":{"x":260,"y":1160,"w":200,"h":40},"ref":"D1","props":{"label":"Nombre","decimals":2,"default":52},"visibility":{"hidden":true}},{"id":"field_78","type":"number","layout":{"x":260,"y":1220,"w":200,"h":40},"ref":"D2","props":{"label":"Nombre","decimals":2,"default":1200},"visibility":{"hidden":true}},{"id":"field_79","type":"number","layout":{"x":260,"y":1280,"w":200,"h":40},"ref":"D3","props":{"label":"Nombre","decimals":2,"default":8},"visibility":{"hidden":true}},{"id":"field_80","type":"number","layout":{"x":260,"y":1340,"w":200,"h":40},"ref":"D4","props":{"label":"Nombre","decimals":2,"default":250},"visibility":{"hidden":true}},{"id":"field_81","type":"number","layout":{"x":260,"y":1400,"w":200,"h":40},"ref":"D5","props":{"label":"Nombre","decimals":2,"default":2000},"visibility":{"hidden":true}},{"id":"field_82","type":"number","layout":{"x":260,"y":1460,"w":200,"h":40},"ref":"D6","props":{"label":"Nombre","decimals":2,"default":0},"visibility":{"hidden":true}},{"id":"field_84","type":"number","layout":{"x":480,"y":1220,"w":200,"h":40},"ref":"E2","props":{"label":"Nombre","decimals":2,"default":1},"visibility":{"hidden":true}},{"id":"field_86","type":"number","layout":{"x":480,"y":1340,"w":200,"h":40},"ref":"E4","props":{"label":"Nombre","decimals":2,"default":1},"visibility":{"hidden":true}},{"id":"field_87","type":"number","layout":{"x":480,"y":1400,"w":200,"h":40},"ref":"E5","props":{"label":"Nombre","decimals":2,"default":1},"visibility":{"hidden":true}},{"id":"field_88","type":"number","layout":{"x":480,"y":1460,"w":200,"h":40},"ref":"E6","props":{"label":"Nombre","decimals":2,"default":0},"visibility":{"hidden":true}},{"id":"field_89","type":"formula","layout":{"x":700,"y":1160,"w":200,"h":40},"ref":"F1","props":{"label":"Formule","expression":"D1*F0","decimals":2},"visibility":{"hidden":true}},{"id":"field_107","type":"frame","layout":{"x":1060,"y":0,"w":590,"h":280},"props":{"label":"Cadre"},"children":[]},{"id":"field_90","type":"formula","layout":{"x":700,"y":1220,"w":200,"h":40},"ref":"F2","props":{"label":"Formule","expression":"D2*E2","decimals":2},"visibility":{"hidden":true}},{"id":"field_91","type":"formula","layout":{"x":700,"y":1280,"w":200,"h":40},"ref":"F3","props":{"label":"Formule","expression":"D3*F8","decimals":2},"visibility":{"hidden":true}},{"id":"field_92","type":"formula","layout":{"x":700,"y":1340,"w":200,"h":40},"ref":"F4","props":{"label":"Formule","expression":"D4*E4","decimals":2},"visibility":{"hidden":true}},{"id":"field_93","type":"formula","layout":{"x":700,"y":1400,"w":200,"h":40},"ref":"F5","props":{"label":"Formule","expression":"D5*E5","decimals":2},"visibility":{"hidden":true}},{"id":"field_94","type":"formula","layout":{"x":700,"y":1460,"w":200,"h":40},"ref":"F6","props":{"label":"Formule","expression":"D6*E6","decimals":2},"visibility":{"hidden":true}},{"id":"field_95","type":"label","layout":{"x":480,"y":1520,"w":200,"h":40},"props":{"label":"TOTALE"},"visibility":{"hidden":true}},{"id":"field_96","type":"formula","layout":{"x":700,"y":1520,"w":200,"h":40},"ref":"F7","props":{"label":"Formule","expression":"F1+F2+F3+F4+F5+F6","decimals":2},"visibility":{"hidden":true}},{"id":"field_97","type":"formula","layout":{"x":480,"y":1160,"w":200,"h":40},"ref":"F0","props":{"label":"Formule","expression":"A2","decimals":2},"visibility":{"hidden":true}},{"id":"field_98","type":"formula","layout":{"x":480,"y":1280,"w":200,"h":40},"ref":"F8","props":{"label":"Formule","expression":"A2","decimals":2},"visibility":{"hidden":true}},{"id":"field_100","type":"label","layout":{"x":1080,"y":40,"w":200,"h":40},"props":{"label":"A VERSER"}},{"id":"field_101","type":"formula","layout":{"x":1080,"y":100,"w":200,"h":40},"ref":"F100","props":{"label":"Formule","expression":"A1-C12","decimals":2}},{"id":"field_102","type":"label","layout":{"x":1370,"y":40,"w":200,"h":40},"props":{"label":"ECART"}},{"id":"field_103","type":"formula","layout":{"x":1380,"y":100,"w":200,"h":40},"ref":"FORMULA_101_COPY","props":{"label":"Formule","expression":"F101-F100","decimals":2}},{"id":"field_105","type":"number","layout":{"x":1080,"y":220,"w":200,"h":40},"ref":"F101","props":{"label":"Nombre","decimals":2,"default":0}},{"id":"field_133","type":"frame","layout":{"x":960,"y":1060,"w":500,"h":760},"props":{"label":"Calcule final "},"children":[],"visibility":{"hidden":true}},{"id":"field_106","type":"label","layout":{"x":1080,"y":160,"w":200,"h":40},"props":{"label":"Montant versé"}},{"id":"field_108","type":"label","layout":{"x":1000,"y":1100,"w":200,"h":40},"props":{"label":"Caisse et part"},"visibility":{"hidden":true}},{"id":"field_109","type":"label","layout":{"x":1220,"y":1100,"w":200,"h":40},"props":{"label":"valeur "},"visibility":{"hidden":true}},{"id":"field_110","type":"label","layout":{"x":1000,"y":1160,"w":200,"h":40},"props":{"label":"Caisse Théorique "},"visibility":{"hidden":true}},{"id":"field_111","type":"label","layout":{"x":1000,"y":1220,"w":200,"h":40},"props":{"label":"Caisse physique "},"visibility":{"hidden":true}},{"id":"field_112","type":"label","layout":{"x":1000,"y":1280,"w":200,"h":40},"props":{"label":"Ecart"},"visibility":{"hidden":true}},{"id":"field_113","type":"label","layout":{"x":1000,"y":1340,"w":200,"h":40},"props":{"label":"caisse sans charges"},"visibility":{"hidden":true}},{"id":"field_114","type":"label","layout":{"x":1000,"y":1400,"w":200,"h":40},"props":{"label":"impôt"},"visibility":{"hidden":true}},{"id":"field_115","type":"label","layout":{"x":1000,"y":1520,"w":200,"h":40},"props":{"label":"cotisation minimale"},"visibility":{"hidden":true}},{"id":"field_116","type":"formula","layout":{"x":1220,"y":1160,"w":200,"h":40},"ref":"FO1","props":{"label":"Formule","expression":"A1-C12","decimals":2},"visibility":{"hidden":true}},{"id":"field_117","type":"label","layout":{"x":1000,"y":1580,"w":200,"h":40},"props":{"label":"Reste net "},"visibility":{"hidden":true}},{"id":"field_119","type":"formula","layout":{"x":1220,"y":1280,"w":200,"h":40},"ref":"FO3","props":{"label":"Formule","expression":"N66-FO1","decimals":2},"visibility":{"hidden":true}},{"id":"field_120","type":"formula","layout":{"x":1220,"y":1340,"w":200,"h":40},"ref":"FO4","props":{"label":"Formule","expression":"N66-F7","decimals":2},"visibility":{"hidden":true}},{"id":"field_121","type":"formula","layout":{"x":1220,"y":1400,"w":200,"h":40},"ref":"FO5","props":{"label":"Formule","expression":"FO4*2%","decimals":2},"visibility":{"hidden":true}},{"id":"field_122","type":"formula","layout":{"x":1220,"y":1460,"w":200,"h":40},"ref":"FO6","props":{"label":"Formule","expression":"FO4-FO5","decimals":2},"visibility":{"hidden":true}},{"id":"field_123","type":"formula","layout":{"x":1220,"y":1520,"w":200,"h":40},"ref":"FO7","props":{"label":"Formule","expression":"FO6*4%","decimals":2},"visibility":{"hidden":true}},{"id":"field_124","type":"label","layout":{"x":1000,"y":1640,"w":200,"h":40},"props":{"label":"part centre"},"visibility":{"hidden":true}},{"id":"field_125","type":"formula","layout":{"x":1220,"y":1580,"w":200,"h":40},"ref":"FO8","props":{"label":"Formule","expression":"FO6-FO7","decimals":2},"visibility":{"hidden":true}},{"id":"field_126","type":"formula","layout":{"x":1220,"y":1640,"w":200,"h":40},"ref":"FO9","props":{"label":"Formule","expression":"((FO8/3)*2)+F7+FO6+FO7","decimals":2},"visibility":{"hidden":true}},{"id":"field_127","type":"label","layout":{"x":1000,"y":1700,"w":200,"h":40},"props":{"label":"part prof"},"visibility":{"hidden":true}},{"id":"field_128","type":"number","layout":{"x":1220,"y":1220,"w":200,"h":40},"ref":"N66","props":{"label":"Nombre","decimals":2,"default":0},"visibility":{"hidden":true}},{"id":"field_129","type":"label","layout":{"x":1000,"y":1460,"w":200,"h":40},"props":{"label":"Apres impôt"},"visibility":{"hidden":true}},{"id":"field_130","type":"formula","layout":{"x":1220,"y":1700,"w":200,"h":40},"ref":"FO10","props":{"label":"Formule","expression":"(FO8/3)-FO3\n","decimals":2},"visibility":{"hidden":true}},{"id":"field_131","type":"label","layout":{"x":1000,"y":1760,"w":200,"h":40},"props":{"label":"Ecart global "},"visibility":{"hidden":true}},{"id":"field_132","type":"formula","layout":{"x":1220,"y":1760,"w":200,"h":40},"ref":"FO11","props":{"label":"Formule","expression":"(FO8/3)-FO3\n","decimals":2},"visibility":{"hidden":true}}],"version":"1.0.0"}', 'published', '2025-10-20T11:23:35.645Z', '2025-10-20T11:23:35.645Z');
INSERT INTO calculation_sheets (id, title, template_data, status, sheet_date, created_at) VALUES ('sheet_1760992431225', 'Diray Fiche de calcule', '{"name":"Prolean Fiche de calcule","fields":[{"id":"field_42","type":"frame","layout":{"x":20,"y":300,"w":1000,"h":700},"props":{"label":"Table des charges"},"children":[]},{"id":"field_6","type":"frame","layout":{"x":20,"y":120,"w":450,"h":160},"props":{"label":"Donné système"},"children":[]},{"id":"field_1","type":"label","layout":{"x":30,"y":160,"w":200,"h":40},"props":{"label":"Montant de la session"}},{"id":"field_2","type":"label","layout":{"x":30,"y":220,"w":200,"h":40},"props":{"label":"Nombre d élèves  "}},{"id":"field_3","type":"number","layout":{"x":240,"y":160,"w":200,"h":40},"ref":"A1","props":{"label":"Nombre","decimals":2,"default":0}},{"id":"field_4","type":"number","layout":{"x":240,"y":220,"w":200,"h":40},"ref":"A2","props":{"label":"Nombre","decimals":2,"default":0}},{"id":"field_9","type":"frame","layout":{"x":20,"y":0,"w":1000,"h":100},"props":{"label":"Cadre"},"children":[]},{"id":"field_7","type":"label","layout":{"x":60,"y":40,"w":200,"h":40},"props":{"label":"Lien de la session"}},{"id":"field_8","type":"text","layout":{"x":280,"y":40,"w":720,"h":40},"ref":"TEXT_8","props":{"label":"Texte"}},{"id":"field_10","type":"label","layout":{"x":40,"y":340,"w":290,"h":40},"props":{"label":"Type de charge"}},{"id":"field_11","type":"label","layout":{"x":360,"y":340,"w":200,"h":40},"props":{"label":"Prix (unitaire) "}},{"id":"field_12","type":"label","layout":{"x":580,"y":340,"w":200,"h":40},"props":{"label":"Quantité"}},{"id":"field_13","type":"label","layout":{"x":800,"y":340,"w":200,"h":40},"props":{"label":"Totale "}},{"id":"field_14","type":"label","layout":{"x":40,"y":460,"w":290,"h":40},"props":{"label":"CAF"}},{"id":"field_15","type":"label","layout":{"x":40,"y":400,"w":290,"h":40},"props":{"label":"Loyer centre"}},{"id":"field_16","type":"label","layout":{"x":40,"y":520,"w":290,"h":40},"props":{"label":"JCB"}},{"id":"field_17","type":"label","layout":{"x":40,"y":580,"w":290,"h":40},"props":{"label":"Manutou"}},{"id":"field_18","type":"label","layout":{"x":40,"y":640,"w":290,"h":40},"props":{"label":"Prime d assistante"}},{"id":"field_19","type":"label","layout":{"x":40,"y":700,"w":290,"h":40},"props":{"label":"Transport étudiant (sous dérogation )"}},{"id":"field_20","type":"label","layout":{"x":40,"y":760,"w":290,"h":40},"props":{"label":"Matériel (sous dérogation)"}},{"id":"field_21","type":"number","layout":{"x":360,"y":400,"w":200,"h":40},"ref":"A3","props":{"label":"Nombre","decimals":2,"default":0}},{"id":"field_22","type":"number","layout":{"x":360,"y":460,"w":200,"h":40},"ref":"A4","props":{"label":"Nombre","decimals":2,"default":0}},{"id":"field_23","type":"number","layout":{"x":360,"y":520,"w":200,"h":40},"ref":"A5","props":{"label":"Nombre","decimals":2,"default":0}},{"id":"field_24","type":"number","layout":{"x":360,"y":580,"w":200,"h":40},"ref":"A6","props":{"label":"Nombre","decimals":2,"default":0}},{"id":"field_25","type":"number","layout":{"x":360,"y":640,"w":200,"h":40},"ref":"A7","props":{"label":"Nombre","decimals":2,"default":0}},{"id":"field_26","type":"number","layout":{"x":360,"y":700,"w":200,"h":40},"ref":"A8","props":{"label":"Nombre","decimals":2,"default":0}},{"id":"field_27","type":"number","layout":{"x":360,"y":760,"w":200,"h":40},"ref":"A9","props":{"label":"Nombre","decimals":2,"default":0}},{"id":"field_28","type":"number","layout":{"x":580,"y":400,"w":200,"h":40},"ref":"B3","props":{"label":"Nombre","decimals":2,"default":0}},{"id":"field_29","type":"number","layout":{"x":580,"y":460,"w":200,"h":40},"ref":"B4","props":{"label":"Nombre","decimals":2,"default":0}},{"id":"field_30","type":"number","layout":{"x":580,"y":520,"w":200,"h":40},"ref":"B5","props":{"label":"Nombre","decimals":2,"default":0}},{"id":"field_31","type":"number","layout":{"x":580,"y":580,"w":200,"h":40},"ref":"B6","props":{"label":"Nombre","decimals":2,"default":0}},{"id":"field_32","type":"number","layout":{"x":580,"y":640,"w":200,"h":40},"ref":"B7","props":{"label":"Nombre","decimals":2,"default":0}},{"id":"field_33","type":"number","layout":{"x":580,"y":700,"w":200,"h":40},"ref":"B8","props":{"label":"Nombre","decimals":2,"default":0}},{"id":"field_99","type":"frame","layout":{"x":20,"y":1060,"w":900,"h":520},"props":{"label":"Charges administrative"},"children":[],"visibility":{"hidden":true}},{"id":"field_34","type":"number","layout":{"x":580,"y":760,"w":200,"h":40},"ref":"B9","props":{"label":"Nombre","decimals":2,"default":0}},{"id":"field_43","type":"label","layout":{"x":40,"y":820,"w":290,"h":40},"props":{"label":"Remise"}},{"id":"field_44","type":"label","layout":{"x":40,"y":880,"w":290,"h":40},"props":{"label":"Abondant"}},{"id":"field_45","type":"number","layout":{"x":360,"y":820,"w":200,"h":40},"ref":"A10","props":{"label":"Nombre","decimals":2,"default":0}},{"id":"field_46","type":"number","layout":{"x":360,"y":880,"w":200,"h":40},"ref":"A11","props":{"label":"Nombre","decimals":2,"default":0}},{"id":"field_47","type":"number","layout":{"x":580,"y":820,"w":200,"h":40},"ref":"B10","props":{"label":"Nombre","decimals":2,"default":0}},{"id":"field_65","type":"frame","layout":{"x":1060,"y":300,"w":600,"h":700},"props":{"label":"Commantaires"},"children":[]},{"id":"field_49","type":"number","layout":{"x":580,"y":880,"w":200,"h":40},"ref":"B11","props":{"label":"Nombre","decimals":2,"default":0}},{"id":"field_51","type":"formula","layout":{"x":800,"y":400,"w":200,"h":40},"ref":"C3","props":{"label":"Formule","expression":"A3*B3","decimals":2}},{"id":"field_52","type":"formula","layout":{"x":800,"y":460,"w":200,"h":40},"ref":"C4","props":{"label":"Formule","expression":"A4*B4","decimals":2}},{"id":"field_53","type":"formula","layout":{"x":800,"y":520,"w":200,"h":40},"ref":"C5","props":{"label":"Formule","expression":"A5*B5","decimals":2}},{"id":"field_54","type":"formula","layout":{"x":800,"y":580,"w":200,"h":40},"ref":"C6","props":{"label":"Formule","expression":"A6*B6","decimals":2}},{"id":"field_55","type":"formula","layout":{"x":800,"y":640,"w":200,"h":40},"ref":"C7","props":{"label":"Formule","expression":"A7*B7","decimals":2}},{"id":"field_56","type":"formula","layout":{"x":800,"y":700,"w":200,"h":40},"ref":"C8","props":{"label":"Formule","expression":"A8*B8","decimals":2}},{"id":"field_57","type":"formula","layout":{"x":800,"y":760,"w":200,"h":40},"ref":"C9","props":{"label":"Formule","expression":"A9*B9","decimals":2}},{"id":"field_58","type":"formula","layout":{"x":800,"y":820,"w":200,"h":40},"ref":"C10","props":{"label":"Formule","expression":"A10*B10","decimals":2}},{"id":"field_59","type":"formula","layout":{"x":800,"y":880,"w":200,"h":40},"ref":"C11","props":{"label":"Formule","expression":"A11*B11","decimals":2}},{"id":"field_60","type":"label","layout":{"x":580,"y":940,"w":200,"h":40},"props":{"label":"Totale des charges"}},{"id":"field_61","type":"formula","layout":{"x":800,"y":940,"w":200,"h":40},"ref":"C12","props":{"label":"Formule","expression":"C3+C4+C5+C6+C7+C8+C9+C10+C11","decimals":2}},{"id":"field_63","type":"frame","layout":{"x":540,"y":120,"w":480,"h":160},"props":{"label":"Cadre"},"children":[]},{"id":"field_62","type":"file","layout":{"x":550,"y":160,"w":190,"h":110},"ref":"FILE_62","props":{"label":"Pièce jointe","accept":".pdf,.jpg,.jpeg,.png","maxSize":5}},{"id":"field_66","type":"textarea","layout":{"x":1080,"y":340,"w":560,"h":650},"ref":"TEXTAREA_66","props":{"label":"Commentaires"}},{"id":"field_67","type":"label","layout":{"x":40,"y":1100,"w":200,"h":40},"props":{"label":"charge administrative"},"visibility":{"hidden":true}},{"id":"field_68","type":"label","layout":{"x":260,"y":1100,"w":200,"h":40},"props":{"label":"Prix unitaire"},"visibility":{"hidden":true}},{"id":"field_69","type":"label","layout":{"x":480,"y":1100,"w":200,"h":40},"props":{"label":"Quantité"},"visibility":{"hidden":true}},{"id":"field_70","type":"label","layout":{"x":700,"y":1100,"w":200,"h":40},"props":{"label":"Totale"},"visibility":{"hidden":true}},{"id":"field_71","type":"label","layout":{"x":40,"y":1160,"w":200,"h":40},"props":{"label":"Impression diplômes"},"visibility":{"hidden":true}},{"id":"field_72","type":"label","layout":{"x":40,"y":1220,"w":200,"h":40},"props":{"label":"Publicité"},"visibility":{"hidden":true}},{"id":"field_73","type":"label","layout":{"x":40,"y":1280,"w":200,"h":40},"props":{"label":"Prime d assistante"},"visibility":{"hidden":true}},{"id":"field_74","type":"label","layout":{"x":40,"y":1340,"w":200,"h":40},"props":{"label":"Animation page"},"visibility":{"hidden":true}},{"id":"field_75","type":"label","layout":{"x":40,"y":1400,"w":200,"h":40},"props":{"label":"centre locale"},"visibility":{"hidden":true}},{"id":"field_76","type":"label","layout":{"x":40,"y":1460,"w":200,"h":40},"props":{"label":"centre locale"},"visibility":{"hidden":true}},{"id":"field_77","type":"number","layout":{"x":260,"y":1160,"w":200,"h":40},"ref":"D1","props":{"label":"Nombre","decimals":2,"default":52},"visibility":{"hidden":true}},{"id":"field_78","type":"number","layout":{"x":260,"y":1220,"w":200,"h":40},"ref":"D2","props":{"label":"Nombre","decimals":2,"default":1200},"visibility":{"hidden":true}},{"id":"field_79","type":"number","layout":{"x":260,"y":1280,"w":200,"h":40},"ref":"D3","props":{"label":"Nombre","decimals":2,"default":8},"visibility":{"hidden":true}},{"id":"field_80","type":"number","layout":{"x":260,"y":1340,"w":200,"h":40},"ref":"D4","props":{"label":"Nombre","decimals":2,"default":250},"visibility":{"hidden":true}},{"id":"field_81","type":"number","layout":{"x":260,"y":1400,"w":200,"h":40},"ref":"D5","props":{"label":"Nombre","decimals":2,"default":2000},"visibility":{"hidden":true}},{"id":"field_82","type":"number","layout":{"x":260,"y":1460,"w":200,"h":40},"ref":"D6","props":{"label":"Nombre","decimals":2,"default":0},"visibility":{"hidden":true}},{"id":"field_84","type":"number","layout":{"x":480,"y":1220,"w":200,"h":40},"ref":"E2","props":{"label":"Nombre","decimals":2,"default":1},"visibility":{"hidden":true}},{"id":"field_86","type":"number","layout":{"x":480,"y":1340,"w":200,"h":40},"ref":"E4","props":{"label":"Nombre","decimals":2,"default":1},"visibility":{"hidden":true}},{"id":"field_87","type":"number","layout":{"x":480,"y":1400,"w":200,"h":40},"ref":"E5","props":{"label":"Nombre","decimals":2,"default":1},"visibility":{"hidden":true}},{"id":"field_88","type":"number","layout":{"x":480,"y":1460,"w":200,"h":40},"ref":"E6","props":{"label":"Nombre","decimals":2,"default":0},"visibility":{"hidden":true}},{"id":"field_89","type":"formula","layout":{"x":700,"y":1160,"w":200,"h":40},"ref":"F1","props":{"label":"Formule","expression":"D1*F0","decimals":2},"visibility":{"hidden":true}},{"id":"field_107","type":"frame","layout":{"x":1060,"y":0,"w":590,"h":280},"props":{"label":"Cadre"},"children":[]},{"id":"field_90","type":"formula","layout":{"x":700,"y":1220,"w":200,"h":40},"ref":"F2","props":{"label":"Formule","expression":"D2*E2","decimals":2},"visibility":{"hidden":true}},{"id":"field_91","type":"formula","layout":{"x":700,"y":1280,"w":200,"h":40},"ref":"F3","props":{"label":"Formule","expression":"D3*F8","decimals":2},"visibility":{"hidden":true}},{"id":"field_92","type":"formula","layout":{"x":700,"y":1340,"w":200,"h":40},"ref":"F4","props":{"label":"Formule","expression":"D4*E4","decimals":2},"visibility":{"hidden":true}},{"id":"field_93","type":"formula","layout":{"x":700,"y":1400,"w":200,"h":40},"ref":"F5","props":{"label":"Formule","expression":"D5*E5","decimals":2},"visibility":{"hidden":true}},{"id":"field_94","type":"formula","layout":{"x":700,"y":1460,"w":200,"h":40},"ref":"F6","props":{"label":"Formule","expression":"D6*E6","decimals":2},"visibility":{"hidden":true}},{"id":"field_95","type":"label","layout":{"x":480,"y":1520,"w":200,"h":40},"props":{"label":"TOTALE"},"visibility":{"hidden":true}},{"id":"field_96","type":"formula","layout":{"x":700,"y":1520,"w":200,"h":40},"ref":"F7","props":{"label":"Formule","expression":"F1+F2+F3+F4+F5+F6","decimals":2},"visibility":{"hidden":true}},{"id":"field_97","type":"formula","layout":{"x":480,"y":1160,"w":200,"h":40},"ref":"F0","props":{"label":"Formule","expression":"A2","decimals":2},"visibility":{"hidden":true}},{"id":"field_98","type":"formula","layout":{"x":480,"y":1280,"w":200,"h":40},"ref":"F8","props":{"label":"Formule","expression":"A2","decimals":2},"visibility":{"hidden":true}},{"id":"field_100","type":"label","layout":{"x":1080,"y":40,"w":200,"h":40},"props":{"label":"A VERSER"}},{"id":"field_101","type":"formula","layout":{"x":1080,"y":100,"w":200,"h":40},"ref":"F100","props":{"label":"Formule","expression":"A1-C12","decimals":2}},{"id":"field_102","type":"label","layout":{"x":1370,"y":40,"w":200,"h":40},"props":{"label":"ECART"}},{"id":"field_103","type":"formula","layout":{"x":1380,"y":100,"w":200,"h":40},"ref":"FORMULA_101_COPY","props":{"label":"Formule","expression":"F101-F100","decimals":2}},{"id":"field_105","type":"number","layout":{"x":1080,"y":220,"w":200,"h":40},"ref":"F101","props":{"label":"Nombre","decimals":2,"default":0}},{"id":"field_133","type":"frame","layout":{"x":960,"y":1060,"w":500,"h":760},"props":{"label":"Calcule final "},"children":[],"visibility":{"hidden":true}},{"id":"field_106","type":"label","layout":{"x":1080,"y":160,"w":200,"h":40},"props":{"label":"Montant versé"}},{"id":"field_108","type":"label","layout":{"x":1000,"y":1100,"w":200,"h":40},"props":{"label":"Caisse et part"},"visibility":{"hidden":true}},{"id":"field_109","type":"label","layout":{"x":1220,"y":1100,"w":200,"h":40},"props":{"label":"valeur "},"visibility":{"hidden":true}},{"id":"field_110","type":"label","layout":{"x":1000,"y":1160,"w":200,"h":40},"props":{"label":"Caisse Théorique "},"visibility":{"hidden":true}},{"id":"field_111","type":"label","layout":{"x":1000,"y":1220,"w":200,"h":40},"props":{"label":"Caisse physique "},"visibility":{"hidden":true}},{"id":"field_112","type":"label","layout":{"x":1000,"y":1280,"w":200,"h":40},"props":{"label":"Ecart"},"visibility":{"hidden":true}},{"id":"field_113","type":"label","layout":{"x":1000,"y":1340,"w":200,"h":40},"props":{"label":"caisse sans charges"},"visibility":{"hidden":true}},{"id":"field_114","type":"label","layout":{"x":1000,"y":1400,"w":200,"h":40},"props":{"label":"impôt"},"visibility":{"hidden":true}},{"id":"field_115","type":"label","layout":{"x":1000,"y":1520,"w":200,"h":40},"props":{"label":"cotisation minimale"},"visibility":{"hidden":true}},{"id":"field_116","type":"formula","layout":{"x":1220,"y":1160,"w":200,"h":40},"ref":"FO1","props":{"label":"Formule","expression":"A1-C12","decimals":2},"visibility":{"hidden":true}},{"id":"field_117","type":"label","layout":{"x":1000,"y":1580,"w":200,"h":40},"props":{"label":"Reste net "},"visibility":{"hidden":true}},{"id":"field_119","type":"formula","layout":{"x":1220,"y":1280,"w":200,"h":40},"ref":"FO3","props":{"label":"Formule","expression":"N66-FO1","decimals":2},"visibility":{"hidden":true}},{"id":"field_120","type":"formula","layout":{"x":1220,"y":1340,"w":200,"h":40},"ref":"FO4","props":{"label":"Formule","expression":"N66-F7","decimals":2},"visibility":{"hidden":true}},{"id":"field_121","type":"formula","layout":{"x":1220,"y":1400,"w":200,"h":40},"ref":"FO5","props":{"label":"Formule","expression":"FO4*2%","decimals":2},"visibility":{"hidden":true}},{"id":"field_122","type":"formula","layout":{"x":1220,"y":1460,"w":200,"h":40},"ref":"FO6","props":{"label":"Formule","expression":"FO4-FO5","decimals":2},"visibility":{"hidden":true}},{"id":"field_123","type":"formula","layout":{"x":1220,"y":1520,"w":200,"h":40},"ref":"FO7","props":{"label":"Formule","expression":"FO6*4%","decimals":2},"visibility":{"hidden":true}},{"id":"field_124","type":"label","layout":{"x":1000,"y":1640,"w":200,"h":40},"props":{"label":"part centre"},"visibility":{"hidden":true}},{"id":"field_125","type":"formula","layout":{"x":1220,"y":1580,"w":200,"h":40},"ref":"FO8","props":{"label":"Formule","expression":"FO6-FO7","decimals":2},"visibility":{"hidden":true}},{"id":"field_126","type":"formula","layout":{"x":1220,"y":1640,"w":200,"h":40},"ref":"FO9","props":{"label":"Formule","expression":"((FO8/3)*2)+F7+FO6+FO7","decimals":2},"visibility":{"hidden":true}},{"id":"field_127","type":"label","layout":{"x":1000,"y":1700,"w":200,"h":40},"props":{"label":"part prof"},"visibility":{"hidden":true}},{"id":"field_128","type":"number","layout":{"x":1220,"y":1220,"w":200,"h":40},"ref":"N66","props":{"label":"Nombre","decimals":2,"default":0},"visibility":{"hidden":true}},{"id":"field_129","type":"label","layout":{"x":1000,"y":1460,"w":200,"h":40},"props":{"label":"Apres impôt"},"visibility":{"hidden":true}},{"id":"field_130","type":"formula","layout":{"x":1220,"y":1700,"w":200,"h":40},"ref":"FO10","props":{"label":"Formule","expression":"(FO8/3)-FO3\n","decimals":2},"visibility":{"hidden":true}},{"id":"field_131","type":"label","layout":{"x":1000,"y":1760,"w":200,"h":40},"props":{"label":"Ecart global "},"visibility":{"hidden":true}},{"id":"field_132","type":"formula","layout":{"x":1220,"y":1760,"w":200,"h":40},"ref":"FO11","props":{"label":"Formule","expression":"(FO8/3)-FO3\n","decimals":2},"visibility":{"hidden":true}}],"version":"1.0.0"}', 'published', '2025-10-20T20:33:51.226Z', '2025-10-20T20:33:51.226Z');

-- Table calculation_sheet_segments: 2 enregistrements
INSERT INTO calculation_sheet_segments (sheet_id, segment_id) VALUES ('sheet_1760959415645', 'e9ad8bf2-88dd-47cd-9c68-98bb3a45aaa0');
INSERT INTO calculation_sheet_segments (sheet_id, segment_id) VALUES ('sheet_1760992431225', 'b3b3893f-641f-472a-9f80-7956a02c574e');

-- Table calculation_sheet_cities: 49 enregistrements
INSERT INTO calculation_sheet_cities (sheet_id, city_id) VALUES ('sheet_1760959415645', '5e97fc12-a072-4ef4-905c-ef9228380afd');
INSERT INTO calculation_sheet_cities (sheet_id, city_id) VALUES ('sheet_1760959415645', '1eff25f1-da4d-43ef-ace6-ddc911e4f669');
INSERT INTO calculation_sheet_cities (sheet_id, city_id) VALUES ('sheet_1760959415645', '8c348ada-dd52-4581-9cf2-1eef6cf659c0');
INSERT INTO calculation_sheet_cities (sheet_id, city_id) VALUES ('sheet_1760959415645', '292cd36e-b925-4bad-a3c2-9e095d6b2db1');
INSERT INTO calculation_sheet_cities (sheet_id, city_id) VALUES ('sheet_1760959415645', '657b4a95-f8cc-4879-a552-a0c667c4cdf5');
INSERT INTO calculation_sheet_cities (sheet_id, city_id) VALUES ('sheet_1760959415645', '0cd77f84-4004-493f-adc2-82fefc6ced8e');
INSERT INTO calculation_sheet_cities (sheet_id, city_id) VALUES ('sheet_1760959415645', '8aad0f87-1c71-4065-b63e-3c43cb578101');
INSERT INTO calculation_sheet_cities (sheet_id, city_id) VALUES ('sheet_1760959415645', '11f17ee0-da76-4b35-a30e-a4d274c9a02e');
INSERT INTO calculation_sheet_cities (sheet_id, city_id) VALUES ('sheet_1760959415645', '7c0f4c39-82eb-45d3-8392-7dfb8af37515');
INSERT INTO calculation_sheet_cities (sheet_id, city_id) VALUES ('sheet_1760959415645', 'a1648f6f-63fd-438e-be35-36942afe0bd4');
INSERT INTO calculation_sheet_cities (sheet_id, city_id) VALUES ('sheet_1760959415645', '4865fda2-9902-48ce-8f7f-f2d7658a1b66');
INSERT INTO calculation_sheet_cities (sheet_id, city_id) VALUES ('sheet_1760959415645', 'c88695a3-620a-4fa7-8597-8cd19c8376bf');
INSERT INTO calculation_sheet_cities (sheet_id, city_id) VALUES ('sheet_1760959415645', 'da8960f9-e62f-4331-be12-a09f0387f781');
INSERT INTO calculation_sheet_cities (sheet_id, city_id) VALUES ('sheet_1760959415645', '43a4ba95-62dd-4ddc-beb3-b0694a630ab0');
INSERT INTO calculation_sheet_cities (sheet_id, city_id) VALUES ('sheet_1760959415645', '5b938e23-01b7-4ff7-ba14-191b21a89849');
INSERT INTO calculation_sheet_cities (sheet_id, city_id) VALUES ('sheet_1760959415645', '8ed4d5c8-75af-4da8-8c93-87d3b1551229');
INSERT INTO calculation_sheet_cities (sheet_id, city_id) VALUES ('sheet_1760959415645', '9c305b42-abca-43e6-a91c-f70b7f2d3d08');
INSERT INTO calculation_sheet_cities (sheet_id, city_id) VALUES ('sheet_1760959415645', '4b8bec30-c660-46fe-aaf6-5758eae7e84f');
INSERT INTO calculation_sheet_cities (sheet_id, city_id) VALUES ('sheet_1760959415645', '8d649ba7-a21a-493e-8819-f304a1e3cca0');
INSERT INTO calculation_sheet_cities (sheet_id, city_id) VALUES ('sheet_1760959415645', '535e9cfc-044f-4d4f-886d-19ac0902df17');
INSERT INTO calculation_sheet_cities (sheet_id, city_id) VALUES ('sheet_1760959415645', 'c8f4247c-0b83-435b-8200-e06b2c505198');
INSERT INTO calculation_sheet_cities (sheet_id, city_id) VALUES ('sheet_1760959415645', '2643cf46-85b3-4ad7-9c8c-c400badd63e0');
INSERT INTO calculation_sheet_cities (sheet_id, city_id) VALUES ('sheet_1760959415645', '74c2aa27-aa5b-4be0-b2bd-9be040df1839');
INSERT INTO calculation_sheet_cities (sheet_id, city_id) VALUES ('sheet_1760959415645', '12e0f69e-ae6c-4161-bb4f-6cb82534f264');
INSERT INTO calculation_sheet_cities (sheet_id, city_id) VALUES ('sheet_1760959415645', 'f1b9ea9d-1ad8-4e28-b2a7-3f13ecd614b1');
INSERT INTO calculation_sheet_cities (sheet_id, city_id) VALUES ('sheet_1760959415645', 'deed4f0f-6bc6-4005-a35e-7a13dd54c0b5');
INSERT INTO calculation_sheet_cities (sheet_id, city_id) VALUES ('sheet_1760959415645', '6c73e4ab-b42c-4833-afd4-aafc880a3a20');
INSERT INTO calculation_sheet_cities (sheet_id, city_id) VALUES ('sheet_1760959415645', 'a4d8c7f4-3be2-435a-a627-90c840c7f913');
INSERT INTO calculation_sheet_cities (sheet_id, city_id) VALUES ('sheet_1760992431225', '96cbe522-2d96-440d-801a-46b939d43a78');
INSERT INTO calculation_sheet_cities (sheet_id, city_id) VALUES ('sheet_1760992431225', 'b03fec54-9af2-4588-8d48-1e1a541a3286');
INSERT INTO calculation_sheet_cities (sheet_id, city_id) VALUES ('sheet_1760992431225', 'c6088d71-c0ad-41a7-a047-582075d29414');
INSERT INTO calculation_sheet_cities (sheet_id, city_id) VALUES ('sheet_1760992431225', 'a69dfae4-db50-42fc-b2eb-3fa3914be8fa');
INSERT INTO calculation_sheet_cities (sheet_id, city_id) VALUES ('sheet_1760992431225', '77bc2992-d48f-4a61-b9dc-bbb8f293fcb9');
INSERT INTO calculation_sheet_cities (sheet_id, city_id) VALUES ('sheet_1760992431225', '90f31693-aadf-42c2-9900-b04698322efb');
INSERT INTO calculation_sheet_cities (sheet_id, city_id) VALUES ('sheet_1760992431225', 'fe8ebaf6-528a-4628-aa13-dc9afa829f5e');
INSERT INTO calculation_sheet_cities (sheet_id, city_id) VALUES ('sheet_1760992431225', '47e5af7b-c25d-460f-be96-a14f9c9204df');
INSERT INTO calculation_sheet_cities (sheet_id, city_id) VALUES ('sheet_1760992431225', 'c5695c37-6e23-49f5-8372-e20f1599c44d');
INSERT INTO calculation_sheet_cities (sheet_id, city_id) VALUES ('sheet_1760992431225', '0c7b8a55-5a4f-442f-bdf4-5f29820d6a7d');
INSERT INTO calculation_sheet_cities (sheet_id, city_id) VALUES ('sheet_1760992431225', '2f7fc780-ce22-407c-a29b-58b0b6b1084c');
INSERT INTO calculation_sheet_cities (sheet_id, city_id) VALUES ('sheet_1760992431225', '74ab2a0d-6912-458d-981f-172c41ee5907');
INSERT INTO calculation_sheet_cities (sheet_id, city_id) VALUES ('sheet_1760992431225', '44679ccb-7461-4615-ae7e-ccd61dbb47b6');
INSERT INTO calculation_sheet_cities (sheet_id, city_id) VALUES ('sheet_1760992431225', '57c84a32-0b57-4527-b96b-5c95ce22c4fd');
INSERT INTO calculation_sheet_cities (sheet_id, city_id) VALUES ('sheet_1760992431225', 'eb3373c2-1a84-4acf-b9f2-0a0f4dcb47b3');
INSERT INTO calculation_sheet_cities (sheet_id, city_id) VALUES ('sheet_1760992431225', '796b1ae4-be22-4cc2-902e-8e7b0e72bc13');
INSERT INTO calculation_sheet_cities (sheet_id, city_id) VALUES ('sheet_1760992431225', '539d0015-5b5c-4db4-b299-f88036f49d5f');
INSERT INTO calculation_sheet_cities (sheet_id, city_id) VALUES ('sheet_1760992431225', '8dc24130-fae8-4fb1-8168-169338e4b8d5');
INSERT INTO calculation_sheet_cities (sheet_id, city_id) VALUES ('sheet_1760992431225', '14a9c6ea-f94a-48f7-a2e9-2300d1eb3fc5');
INSERT INTO calculation_sheet_cities (sheet_id, city_id) VALUES ('sheet_1760992431225', 'd678acfe-7076-45f8-b2ff-2b5ff6e402f6');
INSERT INTO calculation_sheet_cities (sheet_id, city_id) VALUES ('sheet_1760992431225', 'b351a85d-6425-4df0-8bf6-23d1dc1882ea');

-- Table professor_declarations: Aucune donnée

-- Réactiver les contraintes de clés étrangères
SET session_replication_role = DEFAULT;

-- Mettre à jour les séquences si nécessaire
-- (Supabase gère cela automatiquement avec les UUID)
